ra,dec,parallax,parallax_error,pmra,pmdec,phot_g_mean_mag,phot_bp_mean_mag,phot_rp_mean_mag,ruwe,distance_pc,M_G,BP_RP
57.165733121156265,21.167656677835797,0.30092288798685307,0.023039144,2.687648911933846,-4.675801631731694,14.383892,15.036196,13.604811,1.0698891,3323.110470891429,1.7761681649983743,1.431385
56.774855827664304,21.21935175080479,1.0868699570914389,0.053455994,7.302831173719964,-3.798497786816827,16.028408,16.631172,15.26582,1.053367,920.0732741533213,6.20929597199817,1.3653526
56.99719092849572,21.19140326449959,1.2655322652444374,0.01741369,11.773104157773151,0.519593283564992,13.608651,14.005454,13.037772,1.0253835,790.1813548837888,4.120017271916838,0.9676819
56.2520567468086,21.196157339279495,1.176441408376557,0.059206404,11.041009236895452,0.3265003218057878,16.513714,17.241257,15.69877,0.9796062,850.0210829708559,6.866565348661084,1.5424871
56.262347910182015,21.208306286504627,1.5205011307537373,0.02245681,14.479046839713988,3.100137928767064,14.325461,14.808287,13.678033,1.0102011,657.6779061678722,5.2353951248983215,1.1302538
56.175158957140795,21.273167850869974,2.1730360024224007,0.016761305,-5.259709674060556,-4.463403989602529,11.953633,12.278552,11.458508,1.0092134,460.18565678858795,3.638967916828406,0.8200445
56.18302807253424,21.304865660781086,0.5093088169443468,0.03740743,1.3471692853587698,2.8489308923026737,15.312077,15.66581,14.772719,1.087166,1963.4452943493259,3.8469825414452608,0.89309025
56.23062090928826,21.360027270026333,0.6559179287964012,0.017540047,3.652155152726089,-5.762998342229901,11.819567,12.472101,11.040991,1.0686338,1524.5809820063675,0.9038142368200504,1.4311104
56.559088977452966,21.22055625944861,0.35177699576149307,0.032861125,-0.7151479320370705,0.4849540700719913,15.447619,15.818646,14.894445,0.93069184,2842.7100465603103,3.1789566163297387,0.924201
56.62080840776796,21.35087978988957,1.2108846544773726,0.11803068,1.2437741215069917,-8.849676215302154,18.021057,19.049026,17.028915,1.0186601,825.8424915225372,8.436571006017804,2.020111
56.761049361460366,21.361596243814752,2.038379491797107,0.17287897,6.501199485816311,-4.290202276573687,18.249704,19.419533,17.119453,0.9929511,490.58578347369695,9.796129567092997,2.3000793
56.79044960491174,21.426844486308944,0.5453199574212417,0.04225783,0.08598724047234163,1.8824887791922398,15.495512,15.927624,14.883015,0.9904908,1833.7858103138024,4.178768969311932,1.0446091
56.76918850874525,21.521349585157807,3.2446369443460057,0.21673281,-3.7419175543751946,-15.29278439693223,18.37799,19.682266,17.208614,0.95406854,308.20089185712015,10.933821267031309,2.473652
56.406230476958626,21.353878749435157,0.7142058282347529,0.051900372,0.054531087529315014,-6.6255763807414265,15.7574005,16.0968,14.86247,1.2308056,1400.1565941734505,5.026517462224609,1.2343302
56.73809234083175,21.12838055379194,1.6419338995413293,0.08916844,17.407179779866652,2.1287434953098074,17.361694,18.370058,16.396437,1.0184124,609.037915764665,8.438472683160686,1.9736214
56.87804081044302,21.131732050261785,3.192768127632128,0.07903807,-2.59200389514104,11.990173817247776,17.009148,18.201862,15.943195,1.0046401,313.2078372198097,9.529984540926778,2.258667
56.23682169522927,21.17062193543974,2.0966027319136473,0.101753764,2.571339266505008,3.447878597805637,17.413286,18.513899,16.375406,0.9654226,476.96208002517614,9.020866945881227,2.1384926
56.30130612763699,21.252342429372497,0.5403490792524547,0.016488908,-1.5594343502136545,-0.3974435303354017,13.545492,13.742418,13.218215,0.986628,1850.6555084417814,2.2088642511040106,0.5242033
56.360639467499155,21.27641370578398,2.0198874632988724,0.16328858,-1.9109705424265018,-5.048028433438613,18.338257,19.857851,17.198387,0.99425185,495.0770863079688,9.864892704384037,2.659464
56.125817636212155,21.19760587610415,0.550893807223307,0.04291037,7.307137208076815,0.13444785327259887,15.205937,15.622856,14.594931,1.3473158,1815.23187751981,3.9112768373343627,1.0279255
56.20769274418447,21.341199647457156,1.2197217093229085,0.027518008,0.5761494753870323,-2.6891159471315564,14.719811,15.168991,14.094426,1.0022305,819.8591468500791,5.151115208084429,1.0745649
56.61460293466474,21.21752483903938,2.11570536015912,0.031898372,5.19301645192885,-27.764064511022145,15.326927,16.007107,14.511514,0.9646426,472.6556064143029,6.954203116792295,1.4955931
56.66618843102561,21.32010890149055,2.6595305128624562,0.017345212,-9.043945674675513,-6.628922825856947,13.738754,14.24971,13.071029,1.1039556,376.0062143162624,5.862779159246045,1.1786814
56.603245827041036,21.309176031026322,0.7497263244859682,0.038470745,9.888299029268211,-2.831527528915582,15.877266,16.35648,15.23061,1.0562567,1333.820045181988,5.251779730760095,1.1258698
56.885652917852184,21.33089852679811,0.9195252803472749,0.051762998,4.687449159849273,3.6119844273036046,16.097458,16.602282,15.428631,1.0943378,1087.5176804517353,5.915276254343485,1.1736507
56.69777950742934,21.393035257948473,1.1389100375264676,0.01866089,0.09073796371777529,1.4644036064043635,13.8815,14.229725,13.3583,1.0395464,878.0324758326319,4.163947346762333,0.8714247
56.79615269240836,21.43898771641068,0.5895588449155658,0.034282878,2.0213194082540276,-1.2008500588378965,15.185446,15.555123,14.637643,1.0338491,1696.183525400617,4.038081582013707,0.91748047
56.73634869847564,21.43844959985525,2.651808262170871,0.053025376,14.264755891908187,-15.618171060077147,16.091574,17.121502,15.090687,1.1254771,377.10117064850004,8.209284312192803,2.0308151
56.50455973228077,21.361270681242694,0.5983712282460915,0.039834984,5.977690257670786,-13.968405149539755,15.89914,16.336329,15.285996,1.0208,1671.2033480138039,4.783993872875175,1.0503321
56.37274367908238,21.33687163568786,0.8971273207272795,0.026928963,17.035156196218608,-16.19468689159757,14.79178,15.206171,14.19867,1.0110708,1114.66898498791,4.556050885268483,1.0075006
56.60437033487208,21.54410050055249,1.0655594063345706,0.03385597,14.204064215638311,-10.683233673403816,14.801982,15.278517,14.139227,1.2958597,938.4741892898406,4.9398702620253765,1.1392899
56.696807786856205,21.55870075139405,0.9499651359985224,0.02578421,-2.4026936862060357,-3.5747757498916806,14.368076,14.724617,13.82793,1.0846398,1052.6702108376696,4.256614658689763,0.89668655
56.015414852697035,21.32761777445389,1.1463948847791587,0.06286638,8.23886368489959,1.7683132099837036,16.653048,17.305351,15.872446,0.97250587,872.2997749528861,6.94971875949067,1.4329052
56.084006225617735,21.330551108846432,2.9630308138311534,0.11533181,13.813886026128952,11.069338998262275,17.652548,19.087433,16.494839,1.0556536,337.4922715390244,10.011228675896426,2.5925941
56.19006761263699,21.431170159145424,0.8889774295453045,0.088525556,-0.07529424633610793,-9.348871760328276,17.344667,18.089527,16.525703,0.9449704,1124.8879518926387,7.089121108225324,1.5638237
55.95500135318832,21.427566358890836,0.5407735777551934,0.041246727,1.7871898010084242,-2.5566299580235423,15.611706,16.033583,15.016629,0.9377402,1849.202773832077,4.276783098955235,1.0169535
55.84374407827869,21.343585122911673,0.6078918257455352,0.058934342,4.347837049691448,-1.914014517190619,16.442438,16.95054,15.78192,1.0027039,1645.0295227667727,5.36156964317842,1.1686201
55.66954149599521,21.33387793768318,1.2287050890950666,0.056794964,23.993136077300985,-19.712166519155232,16.149963,16.774324,15.349907,0.8998924,813.8649451973,6.597201664176813,1.4244175
55.60231059058685,21.377692621399856,1.114996321012323,0.07176929,-4.3399606861454405,0.01152066682857332,16.543537,17.293112,15.701906,1.0114808,896.863945786013,6.779904311940458,1.5912056
56.01000990637142,21.572963372469705,1.6708545435305047,0.12977539,23.196278158104178,-11.934221392052747,17.976034,19.296879,16.882364,1.0012292,598.4961431095053,9.09072738429765,2.4145145
56.30490711737679,21.49072873770988,1.1699202950279017,0.058154035,11.419394648989762,-15.878067627197801,16.381424,17.040142,15.591861,0.98279953,854.7590842298797,6.722205324700971,1.4482813
56.2783720809968,21.5109511524118,0.6233208444577792,0.038528495,4.821153008609169,-5.189188184023146,15.674321,16.10944,15.064277,0.97906095,1604.3102182310145,4.647879426453834,1.0451632
56.34277353969741,21.511833179754102,0.6965563404071217,0.03997442,-2.4335453749329226,0.021713287149609187,15.699678,16.155823,15.0752325,0.9332396,1435.6340499542682,4.91445966974751,1.0805902
56.266473539498136,21.59452965387116,1.259147829120455,0.058467824,5.613404727149,-1.8548327260883772,16.491392,17.170486,15.676741,0.9806716,794.1879236678063,6.99177574089485,1.4937458
56.263619674575715,21.62268283891819,1.3391036640233285,0.091694295,9.463471840248582,2.007670130315651,17.286108,18.184702,16.337257,1.0261228,746.7681755089119,7.920179008714392,1.8474445
56.21261760725299,21.597562914532148,1.0063316253082553,0.049737275,3.2748110526644045,-8.674926716161586,16.274967,16.885347,15.524559,1.0188339,993.7082119362832,6.288672799530286,1.3607883
56.57126480448844,21.69051103127457,1.1485428281217342,0.054490503,-0.6602907380451373,-13.847641109501144,15.857686,16.41795,15.146208,1.1467195,870.668446587531,6.158422014189874,1.2717419
56.43865098056715,21.770637277455503,3.829721301271897,0.08816322,-11.530379936714324,-15.88821123184371,16.786133,18.057405,15.678022,0.97986424,261.1156064196859,9.701968664427028,2.379383
56.07087971109175,21.59887264028743,1.9719268483451873,0.18386398,8.356167668093345,-2.344413968878987,18.50334,20.195442,17.250189,0.94908845,507.1182031114317,9.977793767872264,2.9452534
56.11844018104174,21.693982716252844,0.7537894417295787,0.034799345,12.140126533826633,0.5893169601672724,15.526895,16.026485,14.8573265,0.9850129,1326.6304151269196,4.913144819531793,1.1691589
55.94141619859783,21.665143585640326,0.8078843836769913,0.080002114,4.282968922543187,-6.560110535090843,17.076252,17.789543,16.273094,1.1260971,1237.8008786958067,6.612998050363188,1.516449
56.286047766050395,21.838766645062886,2.7833033695241265,0.05904429,-3.6951692181374196,-7.5582179973333385,16.129438,17.147451,15.128942,0.9049495,359.285304990298,8.352241127105543,2.0185099
56.13218099484913,21.89197048507772,1.9598489281837101,0.14822431,2.7292187474993255,-3.749544496411838,17.415947,18.585888,16.374329,1.0655134,510.2434098972873,8.87705993920908,2.2115593
56.273947853255954,21.888083956519857,0.8983863806165845,0.068598226,0.7366915740425151,-3.7412967606820238,16.518244,17.157465,15.73208,0.9846143,1113.1068119194724,6.28555958704016,1.4253845
56.2245595069048,21.935627570602797,1.9180413445309277,0.014195528,8.589934191140074,-9.97722233414605,13.117148,13.58538,12.478695,0.98997855,521.3651952036299,4.5314382214201885,1.1066847
57.7436167436475,21.293912843205565,3.9066721602340366,0.19034739,20.97961123216881,2.6080383368807047,18.514093,20.005434,17.269749,0.9521365,255.97233629660215,11.473128237389314,2.7356853
57.69602731863349,21.274392726475973,1.4349569425530075,0.026823428,-3.790252736138821,-3.943893187684589,14.633123,15.084146,14.011325,0.92866266,696.8850216654217,5.417317746758453,1.0728207
57.95503872326505,21.343180182035884,0.852869659388292,0.032679915,-5.263888701355548,-6.979818839237252,15.329118,15.836744,14.665724,1.0128406,1172.5121054455556,4.983531098833463,1.1710205
57.708310411720916,21.39120870792322,1.3870733310108883,0.017343238,-4.951528147511645,0.20096704179824282,10.067201,10.672102,9.317997,1.1638408,720.942417133208,0.7776977692858527,1.354105
58.058730654932454,21.527736179268825,1.394107583420221,0.044313427,2.440754762250211,-11.689986655090843,16.080034,16.771467,15.272238,0.9369091,717.3047560265466,6.801515703998339,1.4992294
58.03141281621485,21.547232752744275,2.7190102599287584,0.06345113,22.008751304208527,-7.91335986001126,16.768385,17.912735,15.7132225,0.9981638,367.780885102729,8.940439165270963,2.1995125
58.004392248167434,21.608474177007167,3.5277758784971676,0.03174692,-16.988849144455763,-18.517787655439164,15.356102,16.277771,14.409997,1.0541793,283.46471954051685,8.093606921614514,1.867774
57.31311571338595,21.225779118045985,0.864683522769095,0.084892884,17.294339223076307,-6.4109721684520515,16.817915,17.434538,16.066029,1.0426854,1156.4924896424097,6.5022008789104575,1.3685093
56.62722644294526,21.556259324018484,2.0403641810351547,0.103454016,19.12306317661384,-23.896667406053897,17.265028,18.697536,16.084131,0.9805237,490.1085841904271,8.813566453914602,2.6134052
56.67201516036219,21.58461315435189,0.9011976906319192,0.020387113,4.964968070086467,5.264573495571125,13.703291,14.069174,13.16276,0.9845037,1109.6344457993457,3.4773912900810373,0.90641403
56.05779346790663,21.31261325746523,1.1006233626373183,0.06173062,5.288026800088105,0.7204760001538999,16.591139,17.237633,15.810698,1.0631799,908.5760251388775,6.799332475849791,1.4269352
55.96960326784054,21.381440284527624,0.7042577159184358,0.033150043,0.8260610419454959,-9.935447202750519,15.141926,15.576118,14.531405,0.99518937,1419.9347446209817,4.380583881057289,1.044713
55.77337229650837,21.28187357451109,0.7322559458265645,0.038809296,1.666740783426341,5.3976383807119435,15.395905,15.817211,14.796796,1.2432331,1365.6427178221247,4.71921907493938,1.0204153
55.873757584428645,21.414654180608743,4.155547820197747,0.017671432,18.3089317314311,9.93460913308943,13.808679,14.528925,12.988097,1.1040847,240.64215917323114,6.901820048729423,1.5408278
55.99012455947273,21.497554833492917,0.7558437812808944,0.039609738,2.336903643464127,-4.39346570027802,15.78247,16.287666,15.110852,1.0294287,1323.0247106159227,5.174629970750821,1.1768141
55.96112725221765,21.49603504567387,0.8118110702031668,0.023276122,3.1094412320991722,-3.853788760769456,13.855033,14.286158,13.242073,1.341058,1231.8137023553231,3.4023077670726884,1.0440845
55.910641980147744,21.542452443467386,0.8194522110344256,0.039981455,-1.690434854312171,-5.272764687993202,15.691524,16.196484,15.027474,1.0320011,1220.327416943158,5.259141708836442,1.1690092
55.787249612185995,21.489727701870766,2.3281985634687627,0.13678256,-3.588666376976811,-2.896423447835507,17.803448,19.227894,16.659904,0.9371393,429.5166295911242,9.638547808048873,2.5679893
56.15074849508578,21.527592531313807,1.5671876180012987,0.043156896,15.327351442150189,-4.102708612012856,16.090462,16.870596,15.218746,0.9111654,638.0856947270568,7.066066689640579,1.6518497
56.25030347692068,21.635037885895038,0.8065521898792195,0.07029519,0.42381700317682425,-13.5279101552298,16.84712,17.624624,16.005949,0.9711376,1239.845372126197,6.380282658496149,1.6186752
56.254616183759126,21.67947863982051,1.017534960702851,0.10090347,7.079801796456304,-8.12347836408539,17.551666,18.451773,16.6319,0.9864058,982.7672154962235,7.589412958487756,1.8198719
56.490280183047595,21.609653753798295,2.153951292745987,0.14237142,24.540848712784953,8.820334116878703,17.880493,19.389935,16.678673,0.8702057,464.2630515219959,9.546672555968847,2.7112617
56.54536904394511,21.721338784033897,2.5753149450618578,0.025092654,20.69874833537282,-5.957308134031656,14.086852,14.640819,13.3854475,0.90745795,388.30202182357954,6.141003814416688,1.2553711
56.03548727816571,21.733640258871286,0.6703556196944763,0.015689256,5.288070750666783,-6.533070569331365,11.828634,12.513087,11.029995,0.9663995,1491.7455312088882,0.9601605345293471,1.4830923
57.511405676777294,21.29976559534562,0.8623647493056203,0.036928605,10.645045120775576,1.6811280736375447,15.422425,15.86306,14.804238,0.93316966,1159.602129847265,5.100880248307433,1.0588217
57.451992335179675,21.319613986115726,3.5855712944453404,0.15309371,27.707295148447265,-27.112447484941413,17.888935,19.484108,16.70459,1.0026029,278.895583961521,10.66172690064818,2.7795181
57.54385613292322,21.39755967797707,0.9976675519989584,0.04002441,0.2835368119505075,-2.626151546887169,15.594006,16.22378,14.837458,1.0401471,1002.3379010336341,5.588934822289497,1.386322
57.59318638453518,21.437643020699934,0.8920680143781776,0.03883288,-1.3666441848232018,-5.538221619544988,15.547096,16.01353,14.916468,1.0244628,1120.9907584199811,5.299086091267389,1.0970631
57.50964720361653,21.44943324897307,1.1799770632715232,0.020459304,3.762290586368729,-10.427825009978903,13.883171,14.243267,13.348602,1.0758113,847.4741002401088,4.242538908787896,0.89466476
57.41907272866306,21.452898904433106,0.898887252520732,0.020805903,7.668087976217927,-2.615826383843127,10.170556,10.867155,9.360082,1.2152011,1112.486574034418,-0.06091782374128485,1.5070734
57.0110371904132,21.35309129555551,1.2253229296845936,0.09981268,-6.833866326386001,2.369342443600523,17.0189,17.845646,16.14227,1.0070283,816.1113905355601,7.460152720687677,1.7033768
57.08882536409423,21.411187275445943,0.8410489530367137,0.04386733,-0.7697042403357564,-3.215527626740862,15.757834,16.2292,15.119008,0.97173035,1188.9914331257098,5.381940807167016,1.1101923
57.36025062498974,21.54222823059621,0.8626821609270896,0.04727421,18.441974839558405,-2.4456259014196458,16.066603,16.517338,15.442146,0.9967685,1159.175470749668,5.745856794519298,1.0751915
57.354392211450865,21.58628429221541,1.0798814363699736,0.043370627,-4.87851089425566,-7.666823419903048,15.957715,16.495272,15.259847,0.99851644,926.0275862890139,6.124595412119236,1.235425
57.1922339595121,21.501900567752887,1.80396780328129,0.01739592,19.61171001148073,-17.40170958438337,13.5592575,13.981408,12.967063,0.9925787,554.333618472054,4.840401417860344,1.0143452
57.307631691381175,21.6861925836657,0.9996689366454024,0.029508535,9.300903269499784,-1.6432219907225123,14.983128,15.426027,14.385615,1.0099822,1000.3311729938399,4.982408580027675,1.040412
57.68264876075965,21.43214951351987,4.336833998408409,0.099411815,15.211514991993182,12.920725120648045,17.333384,18.843842,16.139936,1.0459538,230.5829553003398,10.51924755476703,2.703905
57.73650829754501,21.614951186537603,0.8871144134436695,0.07176765,-0.18697777313859287,0.7745002358068859,16.847746,17.480804,16.098803,1.0178314,1127.250312750666,6.587644073027102,1.3820019
57.95330014339985,21.68248475375076,0.8207262817559711,0.0630964,4.124601901891095,-7.420253858453112,16.814465,17.43478,16.06342,0.97329533,1218.4330174738243,6.38545627342527,1.3713608
57.87457690863745,21.7256967378169,1.090588150342839,0.017420845,6.947003578598068,-4.868794116175518,12.742233,13.063145,12.252397,1.107074,916.9364252542433,2.930537149371542,0.8107481
57.78797047771175,21.811798238151802,0.5232631646781055,0.04199761,1.8527410566386744,-2.9176825947197615,15.66073,15.994014,15.004796,1.0742333,1911.0842641009663,4.25433117933931,0.98921776
57.50918223029874,21.595581219091287,0.9346959042034003,0.038847398,13.600532128623351,-13.066732601896822,15.55985,16.055498,14.901021,0.9836914,1069.8666758920438,5.413201437246961,1.1544771
56.06263131776866,21.75572270828241,1.2293739756049473,0.03687411,-1.5631824679093467,1.0576317352072175,15.387367,15.8752165,14.72602,1.0016913,813.422131786971,5.835787325439693,1.1491966
56.20329301263872,21.747494118792883,2.7036170579160026,0.06861771,-0.9073043120262427,-7.330413288798335,16.631374,17.924564,15.521683,1.117153,369.8748671051877,8.791100248490103,2.4028816
56.214382445280854,21.901892850973056,0.8712611166538878,0.019188125,4.843842912327373,-1.9285078763631442,13.833564,14.238986,13.255313,1.014233,1147.7615388605184,3.534305466731489,0.9836731
56.27546609777621,21.988667833505424,1.335564430798532,0.0640847,10.530046924659946,-8.365041323439105,16.550207,17.477283,15.607739,1.0286674,748.7471041753497,7.178531359359146,1.869544
57.57897855909604,21.309157769165054,1.1043216881740825,0.018555654,2.4692296583522033,-8.757623986044937,10.81824,11.458169,10.047159,1.1507055,905.5332433554113,1.0337181732949432,1.4110098
58.18864740730623,21.45013295657938,2.4194460482481857,0.10624832,3.1380166094264403,-8.518260486414615,17.632114,19.022575,16.499016,0.99911416,413.31775127784147,9.550694121029585,2.5235596
58.15042303012286,21.436700595438268,1.7187685931460173,0.03318305,13.34904520282025,-3.5852644425642914,15.372547,16.000961,14.611421,1.0051932,581.8118878758482,6.548634196023102,1.3895407
57.89405186504116,21.476665580204816,0.4859696245569628,0.043570407,0.5617624099267652,-3.351775342548162,16.095573,16.49627,15.509447,1.027027,2057.741779461332,4.528619048357868,0.9868221
57.9656671773651,21.461710238724912,1.1478815610493607,0.032591548,7.404948956275941,-10.380505585326391,15.356955,15.8950615,14.668169,1.0954548,871.170017824686,5.656439972924872,1.2268925
58.02375261734278,21.580790269574102,0.44639817341972976,0.041134723,2.403584721955361,-1.0059776354481302,16.01403,16.408792,15.43886,1.0206062,2240.1525354355367,4.262642500937947,0.96993256
58.03101593762808,21.603052785855002,0.5311534338183819,0.052591175,0.31166874298895497,-6.198750724466113,16.531397,17.041288,15.867607,0.98794866,1882.6951617560878,5.157496833166107,1.1736813
58.05518507097843,21.63171247785211,0.4235487437540365,0.04069291,2.5660198081267604,-2.849796455452934,15.961689,16.35344,15.387692,0.985452,2361.0033431729894,4.096205985167707,0.9657469
57.36619079568552,21.744013279881386,0.5632938760652089,0.048225384,3.321791938100766,-6.926310117524569,16.051207,16.49766,15.414361,1.0552083,1775.2722734806307,4.804881737558617,1.0832987
57.481354348207404,21.7332972008778,1.3610115206312958,0.042541996,0.7536898338357716,-9.387622884783434,15.981602,16.812796,15.09062,1.0315086,734.7476379451637,6.65091072216784,1.7221756
57.449260111154686,21.74446393486474,0.9930724693044366,0.015038738,2.002499478383668,-3.9754540905902047,12.462542,12.712224,12.059157,1.1498314,1006.9758561531925,2.447446291310671,0.65306664
57.430310728996986,21.806981699538103,0.7845137601996027,0.05876185,-2.5637729020251596,-6.536953063853448,16.606287,17.115854,15.936752,1.0203298,1274.6749014900279,6.079289829662947,1.179102
57.754381669021214,21.916926842802308,0.5446702682439312,0.053466704,1.0116461499431137,-6.853881908621761,16.235966,16.697256,15.60077,1.0378568,1835.9731718496316,4.916634074833407,1.0964861
58.46816387730656,21.59434202229645,0.8473368316144276,0.05735052,-1.9656485076951489,-6.742297420081015,16.16197,16.661695,15.494218,0.9719518,1180.1682196378786,5.802250561114446,1.1674776
58.417805977910035,21.64998377529509,1.0174074371119821,0.032819938,5.540336334465351,-12.14573357748382,15.169112,15.6271515,14.52039,0.9951552,982.8903972223803,5.206586745212295,1.1067619
58.47063741142017,21.69175421128,1.0709078176766516,0.07362524,4.332226213967044,5.2665913768977175,16.89762,17.560934,16.098375,1.0398933,933.7871883030166,7.046379692177695,1.4625587
58.15921971516782,21.70402250639356,0.5381828483829506,0.018293228,2.3501455618015834,-4.972246135987495,14.028185,14.34366,13.547021,1.0126894,1858.10455127778,2.6828341552535058,0.79663944
58.17436629211385,21.791873067377118,0.7071000945592671,0.052262772,9.768762226994522,2.8593164089770857,16.145708,16.591627,15.519677,1.0648963,1414.2269357541188,5.393112560713629,1.07195
58.335123396167425,21.829228917402133,3.5675340188366005,0.11965227,-7.172543773157876,-11.047270199759845,17.32645,18.615555,16.149265,0.9517816,280.3056662445247,10.088290963382622,2.4662895
57.53552299585974,21.322450019125938,0.5426504574588716,0.025161643,3.5358771023887554,-4.99194997001649,14.349014,14.682102,13.842812,1.0089837,1842.8068865597365,3.0216151495271077,0.8392906
57.4740689225533,21.323144416526713,0.6709799626490385,0.048213527,-5.5804110717268065,-7.4561783287921966,15.902238,16.332977,15.302114,1.0087821,1490.3574706642294,5.035785647683708,1.0308638
57.453807550463004,21.37838594812664,0.22355789055534717,0.01807539,0.46375975857848595,-2.974075613891623,12.795321,13.583757,11.930839,0.96211296,4473.114312878282,-0.45772852019670296,1.6529188
57.343794696835616,21.353922913917245,0.5167149808979107,0.045158077,6.2810225915388775,-2.4437838065535944,15.679141,16.087055,15.089036,1.04613,1935.3028980546894,4.245396309834664,0.9980192
57.45812499811029,21.4712223424481,1.0690843040943938,0.028180225,-4.300270584019082,-9.669573744451945,14.824019,15.308901,14.171751,1.0299507,935.379928570821,4.969079199268839,1.1371498
57.18420260080362,21.329443441659006,2.4756402580806403,0.09142263,6.429970248747591,6.3283707587422136,17.0969,18.284107,16.026295,1.0671047,403.9359098059337,9.065338622131481,2.2578125
57.12667960165669,21.36924679347477,0.7072524952599015,0.030747894,0.40122563913431397,-5.72631509314986,15.093994,15.559319,14.462908,1.0170227,1413.922194268851,4.34186658246275,1.0964108
57.259806137677366,21.420146018020088,2.026355337626477,0.030553605,6.999831858802721,-20.460679611160312,14.988352,15.572165,14.260517,1.0059805,493.4968617948943,6.521929845477963,1.3116474
57.18933610100503,21.38129687549445,0.5717386298377451,0.026646834,-0.7311375197263297,-0.8864711668358594,14.68222,15.068775,14.1180935,1.0837638,1749.0509610725308,3.4682081417506154,0.9506817
57.03706585305253,21.44113145559772,1.0898216467880466,0.078115985,6.410772761480178,-10.775646638169206,16.703087,17.438822,15.879082,0.94649893,917.5813335578611,6.88986400257652,1.5597401
57.35011168490224,21.48772134930008,3.9515511708516247,0.21587776,15.965945398713089,-22.367169199651048,18.388294,20.084057,17.128803,0.994236,253.0651778917704,11.3721322711427,2.9552536
57.27118253451336,21.495675326224443,0.779044339751573,0.032666862,9.289021060007155,-3.7092230642838615,15.162933,15.596286,14.55481,1.0452645,1283.6239851494036,4.620744232076364,1.0414762
57.33387209137916,21.55447109684741,0.32068734372546714,0.015065646,-0.3189292077712815,-1.003748407705773,13.244116,13.852634,12.495093,1.0376658,3118.302045795971,0.7745249312825138,1.3575411
57.34211681090617,21.561330994549586,0.7591505856712691,0.052046183,8.090461017167321,-5.230299270889782,16.251232,16.765265,15.579795,0.91927546,1317.2617118061798,5.652871804292399,1.1854696
57.77736553524838,21.509866911365492,1.4243720679452943,0.017761836,6.466223763264715,-7.187535706153874,13.769196,14.135719,13.224711,1.0871869,702.0637532176087,4.537312799314691,0.9110079
57.597423572834494,21.576095992987366,0.7186095374378368,0.0555815,5.034937600688558,-7.977058514564435,16.382038,16.880444,15.727828,0.9519136,1391.5762982571111,5.664503000928603,1.1526155
57.663746330176174,21.578624957979695,1.271180702641857,0.091437966,2.0130171458145663,0.5582166072697303,17.323494,18.237381,16.3795,0.9766557,786.6702176344637,7.844530414388673,1.8578815
58.38476703717409,21.896465955789953,0.3555922446666269,0.02803092,-0.3015023996918782,-1.1600549970865608,14.928146,15.317877,14.361386,1.0146141,2812.209813342569,2.6829077653138853,0.9564905
58.393341100423264,21.917326344230492,3.1800565452181977,0.19480903,-12.041475134687364,-13.271546326353988,18.25166,19.762962,17.046158,1.0577693,314.4598172330252,10.763833604958986,2.7168045
58.74519228456864,21.77931518684744,0.7567551584533156,0.05831914,3.6105651904375673,-9.271783758807835,16.323616,16.96929,15.545445,0.95964855,1321.431362349531,5.718392977958398,1.4238443
58.757839559047,21.84476044999975,0.43146270216999827,0.03818826,1.3633592091590447,-3.228247049806781,15.456635,15.797748,14.933154,0.98710597,2317.697439362894,3.631351770410596,0.8645935
58.80343255429233,21.92541697013014,0.8170815705770869,0.014248636,11.877002499499563,-10.288354426061115,13.010646,13.643985,12.245317,0.86606264,1223.8680151526632,2.571972941486692,1.3986673
58.66539429676808,21.92107725817168,1.0358644737894378,0.047454193,-4.008889343109671,0.581136487117821,15.889966,16.367165,15.245061,0.9977268,965.3772528193413,5.966480704427591,1.1221037
58.86830577298876,21.985098993617324,0.7064347231691027,0.019639308,4.391072569768177,-5.02901392889565,13.259496,13.578307,12.767535,1.3031952,1415.558957116304,2.5048559243560256,0.81077194
58.985147234958035,22.026972846513413,1.2413841235700533,0.023607219,4.402597401909739,3.580017823577089,14.7677145,15.228593,14.135381,1.0017078,805.5524321707409,5.237245434246679,1.0932121
58.812280181418636,22.07332560996129,1.2916590169541504,0.060163405,-2.6143352618806666,-3.3386037375805016,16.343645,17.2373,15.425464,0.92465484,774.1981334656658,6.899384496163284,1.8118372
58.8421344749688,22.13470152164137,3.4598006858609223,0.073573716,-8.171645294128233,-12.841148874493799,16.93905,18.49671,15.74667,0.93253213,289.03399091360205,9.634306076604604,2.75004
58.440138670454864,21.952081076326706,2.6679240099865953,0.02583283,14.04712375095585,-11.629726436117126,13.890705,14.453696,13.107163,1.3407327,374.8232694247631,6.0215723860767305,1.3465328
58.42176464704548,22.014158295606737,0.8018614211675603,0.02680487,6.7990167979932465,-3.659109161426219,14.630715,15.04923,14.03569,0.9983277,1247.098281076969,4.151211967069852,1.0135393
58.46576823656065,22.10648159613339,1.0874862360265871,0.043763123,-2.930839007207913,-1.0863124928614178,15.749898,16.286293,15.061812,0.9520203,919.5518682183595,5.932016801507816,1.2244806
58.47234453301045,22.110717291353254,2.970609512061388,0.026191443,-2.0910674955301913,-27.190395467477973,14.448904,15.27571,13.558834,1.0453594,336.63125225303423,6.813131874241082,1.716876
57.72310457759142,21.706305766856804,0.8327191657688475,0.035395462,-1.101552209262135,-2.4252896954884964,15.484528,15.939587,14.855244,1.0272871,1200.8850535783004,5.087020390117289,1.084343
57.438644536864714,21.61367469768732,0.39031658042658335,0.02513496,-1.7630515655774284,1.186277854341342,10.654761,11.473613,9.773226,1.1209654,2562.022855670348,-1.3881536843281346,1.700387
57.615498936251306,21.734073164023442,0.20427108870896987,0.01673851,2.988707856877831,0.3105494873105662,13.647999,14.283902,12.880338,1.1418257,4895.455379026863,0.19903332768867799,1.4035645
57.504000728094766,21.71922592705969,1.1368633863352,0.017092152,-0.9190730077908671,-7.6383187467464975,10.248337,10.929212,9.450491,1.1067389,879.6131637448597,0.5268781913964489,1.4787207
57.41586195591861,21.645671887241544,0.5811165550670674,0.02646529,3.128749356784584,-3.435654720106458,14.429745,14.772321,13.900682,1.3020538,1720.825179183871,3.251060960257064,0.8716383
57.34733265539762,21.71222954883023,1.9128855052933942,0.08915806,-2.798250988280253,-4.200583123501461,17.274391,18.406229,16.240513,1.0578473,522.7704414261962,8.68283605605934,2.1657162
57.45811565313326,21.830517413893777,0.49780342663911187,0.029984865,7.497406895555323,-1.1182926753297275,15.337155,15.828313,14.675174,1.0537633,2008.8250632412,3.8224447508869375,1.1531391
57.58515218088891,21.77009732270545,0.9046211312655201,0.043989163,-0.7550618685048076,-8.71208727615321,16.015188,16.565989,15.315683,0.99177295,1105.4351544950641,5.797521858758374,1.2503052
58.421268533211354,21.64253505461982,0.7560579600805339,0.025299419,2.6427250459867606,0.5898097592267614,14.5212755,14.893079,13.97215,1.0358974,1322.6499194499345,3.9140509712320473,0.92092896
58.4218147849947,21.670264123784264,0.4343432313828156,0.040517457,2.725000848916027,-2.5729951519848977,15.659277,16.03694,15.094783,1.0800561,2302.326657229829,3.848442252501499,0.9421568
58.518371913169155,21.71746383182541,2.353103802623782,0.09783942,6.329895679706077,-5.321615663287458,17.093817,18.245972,16.025587,1.0414389,424.97062768117996,8.952022185501235,2.2203846
58.593843385894836,21.80891753502852,0.9073527458708113,0.021337707,1.4226653413494537,-12.746177537196248,14.338208,14.731811,13.768571,0.892227,1102.1072064319071,4.127088987777837,0.96323967
57.91582708729214,21.79983182327238,1.0370687195265087,0.04632317,-2.2403226485907446,0.20817171837912113,15.956711,16.526415,15.260673,1.043472,964.2562553198663,6.0357484909252435,1.2657423
57.91620485009916,21.85873072834046,0.9664754704707199,0.036312994,-0.17142727577966554,0.4967069114136736,15.4002695,15.847516,14.781601,1.0112114,1034.6874085826016,5.326223688056388,1.0659151
57.92486651170671,21.84921707905042,2.238425304559371,0.044639733,1.6527817969676346,-12.16489558515865,15.882379,16.821539,14.926139,1.035757,446.74262659698076,7.632091611745528,1.8954
58.30912239020167,22.002786211389992,0.7388517066662628,0.054701652,-4.585019828454851,-9.229220180088172,16.312565,16.831793,15.630081,1.1121764,1353.451566772515,5.65535125401165,1.2017117
58.24983547608124,22.087248070406055,1.6608702253127976,0.027552031,2.1762973312902285,-14.8986671028991,14.961274,15.531792,14.246741,0.98254454,602.0940015416716,6.062952644533317,1.2850504
57.80649574897079,22.056060370677667,1.03711307182066,0.0837528,8.116417032122136,-3.8936090981466904,16.871414,17.550314,16.055883,1.0604081,964.2150187582654,6.950544725390852,1.4944305
58.01775667027733,22.077369643724943,2.338926345744466,0.1048561,5.704882323164977,-14.524498470312526,17.254587,18.737339,16.087627,1.0471059,427.5465971040256,9.099669902558134,2.6497116
58.43996284962119,22.137419811988973,2.728397848017849,0.054458443,5.094510985523357,-16.547018085865457,16.227053,17.3042,15.198967,0.99050874,366.51546281144044,8.406591180179149,2.1052322
58.177211712921896,21.77766460768342,1.832288627989003,0.045565188,8.316581965737857,6.774281634584677,15.93503,16.766235,15.039338,0.99618614,545.7655440985479,7.249999414431024,1.7268972
58.3737488879167,21.856052405588645,0.8346117245969685,0.054459028,4.657670132052333,-12.51904974460651,16.026117,16.50619,15.370731,1.0447341,1198.16193629786,5.633539731691977,1.135458
58.989150631751436,21.97247518913864,0.7688680929453131,0.029472822,-3.44878996675859,-3.83300813378167,15.162187,15.577932,14.571275,0.98212165,1300.6132120391248,4.591445815646733,1.0066576
58.95770717525293,21.978397569619542,0.9886878828727308,0.089069836,-0.24888440820750624,-5.817568170059573,17.28845,18.218866,16.346193,1.0131714,1011.4415452269939,7.263746298975082,1.872673
58.9520415972776,22.002761158337922,3.031651393806388,0.07618558,20.833440727790364,-11.607025518265566,17.082071,18.44023,15.896355,1.0272722,329.8532285219148,9.490467608299406,2.5438747
58.89136953809895,22.140923780064544,0.79050410763042,0.03421266,2.4003007226865587,-3.5018562063415675,15.524617,15.946298,14.927556,1.0089835,1265.015564558615,5.014137849940429,1.0187416
58.85511744932841,22.14748981220507,1.3503544228407045,0.07876761,-0.7188054172832032,-14.633940375861432,17.029966,17.92569,16.105606,1.0036225,740.5463210883012,7.682205210483211,1.8200836
58.53916395864571,21.981817432316493,1.3656109498817417,0.038016442,12.756808249891389,4.546901502499889,15.234931,15.747212,14.563833,1.1330887,732.2729801533866,5.911565944252384,1.1833792
58.657431434923915,22.01292357682919,0.8784370815257336,0.056825478,5.756208037057136,0.752621070485711,16.236334,16.735477,15.579904,0.96229655,1138.3854587093786,5.954887149026893,1.1555738
58.56119888963607,22.121279544434707,0.4649103639569723,0.025642974,2.4852020337362366,0.08548670056863844,14.57971,14.92362,14.062421,1.0177265,2150.9522641929116,2.916556145449846,0.8611994
58.711906511214316,22.153372550340677,2.8766758818840894,0.1971018,13.298114546187339,-17.908084201291185,18.513771,19.990814,17.363075,1.0489458,347.62345187982953,10.808225718268286,2.627739
58.618059044958606,22.12569104465448,0.6956523094845879,0.052910447,1.2870684041926508,-6.581169525390155,16.137936,16.627989,15.47457,1.009648,1437.499719854168,5.349896794804788,1.1534185
58.65311506674038,22.149726593332485,1.629730502778669,0.06790275,1.9733239238444527,-5.4865217026782815,16.70475,17.579493,15.790377,1.058877,613.5983822448026,7.765329031420833,1.7891159
58.57152160394957,22.296869686259353,0.5746680770394897,0.022192521,-0.7537407079224122,-1.1331002857492585,14.35407,14.779288,13.7526,0.93412066,1740.134940419324,3.151155072941865,1.0266886
58.46271325066453,22.255607503515353,0.45039349765265685,0.03822481,0.8285258325796347,-6.208922107368855,15.661964,16.080503,15.061187,0.9867553,2220.2807216617484,3.929924976320322,1.0193167
58.45739701432785,22.403380595104114,2.080650418435507,0.021675313,-5.826672455086767,-6.423196338555382,11.231571,11.627044,10.659336,1.2463514,480.6189406637204,2.822566788145288,0.96770763
58.19525009953803,22.280126589106704,0.30778425501265516,0.029823674,7.621348825124375,-5.195784708603379,14.831944,15.075201,14.429957,1.0500646,3249.0290965627305,2.2731764622824784,0.64524364
58.262425969102466,22.280705355370873,1.3819283037904706,0.07597056,8.127086485709423,-1.125588501492971,16.792192,17.079931,15.650038,0.9385723,723.6265421709035,7.494620018451183,1.4298935
58.296684501347656,22.330852215880288,0.7089755824743043,0.033267464,4.37134098602167,-3.3509362842033195,15.177623,15.542702,14.633883,1.0639265,1410.4858118103714,4.430779185552895,0.90881824
58.255770813511106,22.359088940112628,0.5690124061098167,0.038637877,3.8963426211345134,-4.582967901434734,15.564242,16.002008,14.954779,0.9908423,1757.4309263953107,4.339851039822246,1.0472298
58.02824863104538,22.33445292781332,0.711984914375414,0.04302545,-1.6658447786952344,-4.046306229764799,15.75844,16.168762,15.170872,0.9702515,1404.5241406234654,5.020793976945422,0.9978905
58.35288959163991,22.459314598857222,1.3968409266550923,0.015497056,12.200081287560554,-1.7706374524641668,13.333155,13.679887,12.8041935,1.11704,715.9011315587833,4.058889434007009,0.8756933
58.3541827739912,22.519027320254317,1.4030728429790016,0.09627685,-0.5711509576882485,-9.605096005622762,17.58729,18.65496,16.59386,1.011205,712.7213708140782,8.322690904034546,2.0611
58.32602607374028,22.57563419002232,2.0897983426212403,0.17328535,12.899708033107327,-18.625307167756176,18.44053,19.867588,17.272514,0.93577933,478.51506990176716,10.041052679034735,2.5950737
58.38213972524465,22.64679127489045,1.3320442514006026,0.08471882,13.489521749898215,-0.052190093095240524,17.019508,17.807037,16.158958,1.0061128,750.7258103088778,7.642101624951312,1.6480789
57.03824499364934,21.617830813303712,1.4402057582720238,0.024986131,3.382644083605033,-2.3225787170654226,14.352796,14.764089,13.771177,1.0518916,694.3452310590759,5.144918315876232,0.99291134
56.91448812598872,21.52626508259184,2.7546981120421186,0.024055023,21.098112288169784,-8.50873305939769,13.71621,14.224006,13.024833,1.2904052,363.0161851959444,5.916580422145335,1.199173
57.017796828667,21.6479732596258,1.7438665635813586,0.14725216,3.7195420875508143,-4.076248907618675,17.708826,18.94987,16.64667,1.0874339,573.4383701619415,8.91639231862716,2.3031998
57.08503358786815,21.70051830692696,0.5306380466289532,0.04909754,6.063669966892858,1.064792783142793,15.910238,16.324545,15.329727,1.0077243,1884.5237471244623,4.534230193889478,0.99481773
57.07313866976319,21.693422265744125,1.368908724026781,0.026787234,-1.196006584615181,-1.5193511805450652,14.47098,14.886942,13.876679,1.0085837,730.508895478729,5.1528521468059,1.0102625
58.58290474606297,22.154886568570433,0.23176291665154852,0.02305365,6.189843155611541,-1.1014692321299795,14.167204,14.76763,13.424802,1.0520985,4314.754122220003,0.9924236415348702,1.3428278
58.00979911645261,21.770084534716666,2.786481347284772,0.21092658,-9.539178413841517,-21.22683057527916,18.827324,20.097752,17.562414,0.9960032,358.87554064355356,11.052604614740574,2.5353374
57.96935069460371,21.916841949680226,0.5268710092949618,0.040522482,4.653138028028595,-6.664825466951385,15.556049,16.036478,14.909165,1.0391713,1897.9977686344157,4.164570859339772,1.1273127
58.16649041622042,21.95246674555602,2.0634240562038078,0.1498559,1.9360705826194233,-21.11367608614539,18.12953,19.410002,17.030874,0.94847816,484.6313567942761,9.70247240005251,2.3791275
58.19778382027596,22.00343989463581,0.8744894805189726,0.05791686,0.4760168354239058,-0.8907785719399576,16.513494,17.145325,15.752798,1.0385404,1143.52433308465,6.2222674395526205,1.3925266
58.19516834375703,21.998100306342007,0.6264304467183144,0.060306326,-2.456043174770722,-3.521293272873283,16.652094,17.156172,15.981404,0.9721334,1596.3464184071945,5.636458176323849,1.1747675
57.79843538331166,22.046598243620803,3.637196388603542,0.06524349,1.7885811289310845,-10.073293617269861,16.55617,17.867983,15.431021,1.0149121,274.9370375306949,9.360003265895621,2.4369621
57.70983443224682,22.041658904478027,0.5087512806039637,0.04465489,1.4385913386720137,-2.263725785540036,15.847431,16.30845,15.213239,1.056233,1965.5970178843595,4.379958759959258,1.095212
57.86247055424118,22.14645753982622,1.3070318343655474,0.051177364,7.070150402756445,-0.360544957826657,15.950845,16.696394,15.097581,1.1487507,765.0923058698221,6.532275592133702,1.598813
58.09026326354587,22.238711305698814,1.3167946994874227,0.09773019,2.90947160500394,-3.3913619879084522,17.329643,18.370571,16.329948,0.9892104,759.4198248134363,7.927233598011272,2.0406227
57.14882152776194,21.147759592420833,2.4379576505228666,0.16906187,1.0046189790139652,-6.12717035597362,18.10206,19.695293,16.89974,1.1096213,410.17939740894633,10.037191104339406,2.7955532
57.09674111441161,21.189865292198345,1.059941955186258,0.027056806,1.957992654378304,-0.17931099135828382,14.3868475,14.85041,13.7546,1.3190337,943.4478889216866,4.513257910882334,1.0958109
56.753952056058566,21.160842192297782,1.028257521215581,0.09162685,7.749828494833341,-6.084850150235914,17.454042,18.30775,16.53873,0.95597994,972.5190230729598,7.51455190894626,1.7690201
56.273494266530754,21.262944219010656,0.9920469899822869,0.02946859,6.203035825173028,-8.881238337809949,14.763999,15.20197,14.156595,1.0311114,1008.016767449549,4.746660203958026,1.0453749
56.73175078229711,21.291579627976542,1.0184177038693996,0.02166484,6.281092238665474,-1.9642285060837272,14.271818,14.617847,13.7524395,1.0259216,981.9153734274032,4.311447862795095,0.86540794
56.770846507831166,21.37291335808104,0.43509693842302716,0.015695032,2.7068845071406287,-1.6885247912954582,12.030597,12.731695,11.219979,1.008467,2298.338397011979,0.22352686995832727,1.5117159
56.76637031858489,21.426600441217072,2.067695848122611,0.07720598,-3.6753493049444974,-9.655676841832841,16.358482,17.199102,15.457491,1.2566416,483.6301242796236,7.9359156393404096,1.7416115
56.83259222826536,21.4890305544076,0.9487645576319863,0.06724864,9.203928776086824,-8.688464613575956,16.18469,16.740948,15.4894705,0.9905976,1054.0022726986049,6.070482738826016,1.2514772
56.54822486504568,21.370217564331263,0.7611795060982497,0.05811501,-2.4057981656698235,-3.9756165621968726,16.692905,17.221596,15.995473,0.9978649,1313.75055685081,6.100340860435971,1.2261229
56.50462822524126,21.39014069550923,1.199787743579462,0.08563726,-2.1924980190795207,-10.47276856074324,17.34259,18.181208,16.470276,1.0283467,833.4807597022015,7.738112437495527,1.7109318
56.47597206092371,21.42578866468588,0.2155897089045281,0.018910687,1.6067836110314304,-1.962466715199298,14.023059,14.629382,13.273709,1.0377374,4638.440327607848,0.6911990219068542,1.3556728
56.52853707308525,21.473934269602516,1.0782608492654813,0.025404317,4.830843409409275,-10.729357629684783,14.5519495,14.98019,13.954034,0.9670559,927.4193722986482,4.715568684199775,1.0261564
56.67982510156124,21.483788398676154,0.5048122597001642,0.04887715,6.111044936264561,-5.881320997860914,16.16712,16.648184,15.527466,0.9782295,1980.9344578793612,4.682769447325221,1.120718
56.68880109452256,21.599397040294704,2.8216973101862255,0.22551684,13.84861409471732,-8.056993668513735,18.50927,19.954182,17.30799,1.0122135,354.3966237590531,10.761821835213208,2.6461926
56.47508871518936,21.550632020262064,0.5037269389814019,0.028490521,4.316989747218578,-8.384257117922605,14.805945,15.2153,14.216944,1.0246283,1985.2025425166335,3.316921282716322,0.99835587
56.57282383980173,21.578809593533816,1.177763908997807,0.09390597,-0.6206109405463617,5.901649407873836,17.301031,18.144169,16.3722,0.9635047,849.0666018548052,7.6563223217364875,1.7719688
56.78191176857774,21.172817415282548,0.4586767537525169,0.02204164,2.360477592835778,-2.6421358034889244,14.491551,15.0863495,13.757705,0.9892033,2180.1846110988195,2.7990850500452886,1.3286448
57.04909725832429,21.198495005980988,1.4742631067246312,0.01597999,-0.6292942109938249,-2.6578209022689525,13.23358,13.640513,12.645579,1.2155114,678.3049751693909,4.07645462311906,0.9949341
56.9372622900567,21.236347246902646,2.525092210845899,0.023954187,4.892305047743262,-13.014783313320219,13.149882,13.684814,12.458879,1.3163042,396.0251414600827,5.161268527734695,1.225935
57.024702124306444,21.287250985849848,0.24676590902039455,0.023483122,5.6533958433032545,-9.166635369484178,14.574308,14.983386,13.985041,0.97300404,4052.423626787737,1.5357342016290012,0.9983454
56.39721702441153,21.240278536511237,0.7072011054145851,0.050169427,6.503140497127571,-5.809305025863516,16.110882,16.586996,15.466214,1.049713,1414.0249390783492,5.358596459640983,1.1207819
56.61352970004067,21.128860618215967,0.5794175075460261,0.034925375,6.46715804294279,-0.36371670123885697,15.438693,15.827953,14.878158,0.9873307,1725.8712188992063,4.253651114610282,0.9497957
56.65623640870124,21.189264945013228,1.5055920348488379,0.023064537,12.632965021277728,-7.342918990807439,14.41785,14.867402,13.796321,0.94206303,664.1905488696349,5.3063860832466165,1.0710812
56.485098368968686,21.270001902635098,2.775723090056747,0.25679937,0.6007374706725492,-13.871622814218265,19.129538,20.832758,17.898895,0.9107997,360.2664846440269,11.346418273049995,2.9338627
56.50201134677123,21.28132543416225,1.684388357679282,0.015639681,14.188717883604511,-4.070470736914418,13.757782,14.1531,13.185773,1.0034258,593.687314116669,4.8899931372188234,0.9673271
56.66192312493548,21.319542417702856,1.0946380132108167,0.06843901,5.464611245386167,-7.931658035640679,16.894411,17.595383,16.093029,1.0735058,913.544009920483,7.090763715537975,1.5023537
56.788006610682146,21.349409685568183,1.1314078524284976,0.07184248,7.168244797401542,-2.007354853359442,16.557865,17.35172,15.691239,1.0664306,883.8545692020444,6.8259610857940665,1.6604815
56.42491539788741,21.272750362691912,2.5677969512812377,0.2081549,-7.7513842207080765,-24.481624544887385,18.649845,20.200659,17.443106,0.99357975,389.4388921604709,10.697648517735063,2.757553
56.36817846931587,21.277407613749332,2.058905632902008,0.016753001,-1.9877068967070235,-5.031498721647377,11.632237,11.988228,11.101046,0.9959858,485.6949167653252,3.2004196433172893,0.88718224
56.58340642688609,21.48361920850142,0.6066212012409637,0.050466344,2.4643988013095095,-4.086068592345093,16.14266,16.579227,15.52932,1.0602123,1648.475190043312,5.0572480645427795,1.0499077
56.852587097104774,21.620273905727714,2.002279940067888,0.14180467,22.751740849839685,-6.060983963426967,17.884405,19.154173,16.711863,1.0540246,499.430664008997,9.392029118027473,2.4423103
56.872564665234236,21.762576055251678,1.235782967093747,0.08898206,-3.0051188183918756,-5.541180844760697,17.034233,17.990013,16.067553,1.0908682,809.2035791298778,7.49394411826394,1.9224606
56.78878034991119,21.75189250086443,0.8699987501000027,0.0672847,11.582622065426243,-15.484106130431025,16.637054,17.179363,15.948376,0.99949026,1149.4269386996868,6.334647586768204,1.2309875
56.93999962075787,21.75143498608771,0.9915201376880861,0.018173309,3.79925303995645,-5.791622116572492,13.596216,13.992479,13.029769,1.0292643,1008.552385362224,3.577723897353188,0.9627104
56.9738464454167,21.795927557110353,1.7394516387818935,0.13128898,-7.56263579107002,-5.0826179736256725,17.800432,18.882647,16.776276,1.0184528,574.8938215380808,9.002493998953595,2.106371
57.01517154330417,21.949714209406284,3.1107572532611227,0.14573222,12.978021998538022,-1.607476770184278,18.00942,19.652641,16.787165,1.0163785,321.4651348804741,10.473751007042663,2.8654766
57.28614292872216,21.847245096556794,0.5789436445718902,0.01787717,-1.0058158983571261,-4.20236590756782,13.733161,14.273011,13.038013,0.97236186,1727.28383734045,2.5463424264428625,1.2349977
57.33725482246147,21.97818315970605,0.8198691438539984,0.044451363,7.272602051763869,-5.865717981878143,15.642141,15.550058,14.498969,1.1932034,1219.7068367511085,5.210864051416385,1.0510893
57.53852137704579,21.921314886219708,2.6419851958855225,0.20943688,2.454571554143397,-5.574016230694405,18.827631,20.30658,17.64286,1.0513942,378.50325639876525,10.937282895490208,2.6637192
57.51462400090793,21.980394065054956,0.8944653722526675,0.015142626,11.480595472784435,-1.8976171719068191,13.445224,14.080625,12.681047,1.0676297,1117.986264221217,3.2030414694702536,1.3995771
57.384438795407924,21.984131611863123,2.1735076426831452,0.041874677,29.393317166689677,-18.580208263999438,15.378995,16.182482,14.505574,1.3623928,460.08579880838283,7.064800799885804,1.6769075
57.517390664696975,22.127148469217826,0.977139018109991,0.019064095,1.971899102217157,0.017507253549008287,13.585972,14.117223,12.897846,0.96105146,1023.395833618667,3.5357536094315503,1.2193766
57.33502790376183,22.05298131460326,0.8058095606547967,0.05299714,3.5269580851064477,-3.963379056354048,16.429495,16.956701,15.747081,0.99363285,1240.988006133118,5.960656936980072,1.2096205
57.33371766478828,22.073318252424446,1.870530691673222,0.11151567,2.342478502063555,11.498425439926299,17.555428,18.636904,16.540152,1.0299062,534.6076407361606,8.915251743758795,2.0967522
57.34921676072909,22.070541862486852,0.6203758711913349,0.03484066,11.848019543537795,-12.368792537234942,15.241915,15.626113,14.674163,1.0847051,1611.9260055676511,4.205189239564497,0.9519501
57.255749074105424,22.107839760600424,0.27148552283820626,0.022983197,3.255432385764913,-0.2118221616333213,14.032013,14.646693,13.281004,1.0639547,3683.4376638048475,1.200746316828532,1.3656893
58.51070047362653,22.2209025381567,1.6829459730894691,0.14969693,-11.506153262587402,-10.708182838594238,18.195635,19.413162,17.119917,1.045838,594.1961393830424,9.325985713046624,2.2932453
58.51058002801473,22.21728138551996,0.31266507285245315,0.014632733,1.4570515277727758,-0.35994285663250736,13.4803295,14.113923,12.713955,1.032402,3198.3105464162304,0.9557263627666082,1.3999681
58.49724111778354,22.221931015578427,2.1385622254347467,0.20242499,27.155903778816384,11.65335114414978,18.67258,20.06399,17.507984,1.0206718,467.6038826958663,10.323190175895117,2.5560055
58.53239377523721,22.22918109899628,1.2936760696133065,0.016766325,-8.483685882234116,1.753077026090317,13.733857,14.10735,13.1812105,0.9779568,772.9910319040767,4.2929848781211,0.92613983
58.625682170674146,22.290859493866936,0.6814295806349084,0.049375657,-0.2612553603896066,-4.785269682278879,16.256102,16.685692,15.657504,1.0168678,1467.5030676952267,5.423206519387762,1.0281878
58.459289017376456,22.32191788070613,1.6614568919818664,0.15781295,15.436604547889862,3.4466638553265527,18.331978,19.692266,17.221382,1.053672,601.8813998882339,9.434423232205782,2.4708843
58.48255392240732,22.369082264139333,0.20189898893215671,0.018769378,1.3560104282322905,0.10735316357774255,13.780502,14.36191,13.051055,1.146016,4952.971806788126,0.3061730398024096,1.3108549
58.47262636380887,22.401210252258892,1.493743762090547,0.13691536,14.81980944287049,2.336093295508048,18.125113,19.218102,17.054436,1.0103321,669.4588626100535,8.996493056928943,2.1636658
58.59433803255655,22.450491734124817,1.4183440192579844,0.014932086,0.8649743449690277,-3.872660136459849,13.37278,13.737838,12.8294935,1.0133456,705.0475670374782,4.131687754815848,0.90834427
